{
  "mean": [
    53.336341857910156,
    -20.643985748291016
  ],
  "std": [
    0.45499685406684875,
    1.4920536279678345
  ],
  "source": "smile_data_n4_scale2_rot60_trans_50_-20/train.npy",
  "num_samples": 4
}