{
  "mean": [
    0.010402216576039791,
    -8.91862964630127
  ],
  "std": [
    9.237923622131348,
    10.129080772399902
  ],
  "source": "smile_data_n65536_scale10_rot0_trans_0_0/train.npy",
  "num_samples": 65536
}