{
  "mean": [
    61.154541015625,
    -225.62155151367188
  ],
  "std": [
    263.486083984375,
    536.0466918945312
  ],
  "source": "smile_data_n8192_scale10_rot0_trans_0_0_H_32/tgt.npy",
  "num_samples": 32
}