{
  "mean": [
    51.39350891113281,
    -21.441102981567383
  ],
  "std": [
    1.7439265251159668,
    1.9830347299575806
  ],
  "source": "smile_data_n16_scale2_rot60_trans_50_-20/train.npy",
  "num_samples": 16
}