{
  "mean": [
    61.154544830322266,
    -225.62158203125
  ],
  "std": [
    263.486083984375,
    536.0468139648438
  ],
  "source": "smile_data_n8192_scale10_rot0_trans_0_0_H_32_-13_100_55_8_200_0.05_0.005_1.2_n32/train.npy",
  "num_samples": 32
}