{
  "mean": [
    50.165409088134766,
    -18.33197021484375
  ],
  "std": [
    1.8744419813156128,
    2.0069544315338135
  ],
  "source": "smile_data_n32_scale2_rot180_trans_50_-20/train.npy",
  "num_samples": 32
}