{
  "mean": [
    -0.09619603306055069,
    -8.948070526123047
  ],
  "std": [
    9.19188404083252,
    10.154195785522461
  ],
  "source": "smile_data_n8192_scale10_rot0_trans_0_0/train.npy",
  "num_samples": 8192
}