{
  "mean": [
    51.40986251831055,
    -21.205074310302734
  ],
  "std": [
    1.8782832622528076,
    1.9759670495986938
  ],
  "source": "smile_data_n8_scale2_rot60_trans_50_-20/train.npy",
  "num_samples": 8
}