{
  "mean": [
    51.36185836791992,
    -20.97726058959961
  ],
  "std": [
    1.9741556644439697,
    1.9089542627334595
  ],
  "source": "smile_data_n32_scale2_rot60_trans_50_-20/train.npy",
  "num_samples": 32
}